Date,Adj Close,Close,High,Low,Open,Volume
2022-08-08 00:00:00+00:00,9.9399995803833,9.9399995803833,9.9399995803833,9.9399995803833,9.9399995803833,0
2022-08-09 00:00:00+00:00,9.9399995803833,9.9399995803833,9.960000038146973,9.9399995803833,9.960000038146973,1400
2022-08-10 00:00:00+00:00,9.9399995803833,9.9399995803833,9.9399995803833,9.9399995803833,9.9399995803833,0
2022-08-11 00:00:00+00:00,9.949999809265137,9.949999809265137,9.949999809265137,9.949999809265137,9.949999809265137,200
2022-08-12 00:00:00+00:00,9.949999809265137,9.949999809265137,9.949999809265137,9.949999809265137,9.949999809265137,0
2022-08-15 00:00:00+00:00,9.949999809265137,9.949999809265137,9.949999809265137,9.949999809265137,9.949999809265137,1800
2022-08-16 00:00:00+00:00,9.949999809265137,9.949999809265137,9.949999809265137,9.949999809265137,9.949999809265137,0
2022-08-17 00:00:00+00:00,9.949999809265137,9.949999809265137,9.960000038146973,9.949999809265137,9.949999809265137,1100
2022-08-18 00:00:00+00:00,9.949999809265137,9.949999809265137,9.949999809265137,9.949999809265137,9.949999809265137,0
2022-08-19 00:00:00+00:00,9.970000267028809,9.970000267028809,9.970000267028809,9.949999809265137,9.95300006866455,5100
2022-08-22 00:00:00+00:00,9.970000267028809,9.970000267028809,9.970000267028809,9.949999809265137,9.949999809265137,3400
2022-08-23 00:00:00+00:00,9.9399995803833,9.9399995803833,9.949999809265137,9.930000305175781,9.949999809265137,2800
2022-08-24 00:00:00+00:00,9.949999809265137,9.949999809265137,9.949999809265137,9.930000305175781,9.9399995803833,13600
2022-08-25 00:00:00+00:00,9.9399995803833,9.9399995803833,9.944999694824219,9.9399995803833,9.9399995803833,19700
2022-08-26 00:00:00+00:00,9.9399995803833,9.9399995803833,9.9399995803833,9.9399995803833,9.9399995803833,1200
2022-08-29 00:00:00+00:00,9.949999809265137,9.949999809265137,9.949999809265137,9.9399995803833,9.9399995803833,4800
2022-08-30 00:00:00+00:00,9.930000305175781,9.930000305175781,9.944999694824219,9.930000305175781,9.9399995803833,27100
2022-08-31 00:00:00+00:00,9.9399995803833,9.9399995803833,9.9399995803833,9.9399995803833,9.9399995803833,15800
2022-09-01 00:00:00+00:00,9.920000076293945,9.920000076293945,9.9399995803833,9.920000076293945,9.9399995803833,82200
2022-09-02 00:00:00+00:00,9.920000076293945,9.920000076293945,9.920000076293945,9.920000076293945,9.920000076293945,0
2022-09-06 00:00:00+00:00,9.920000076293945,9.920000076293945,9.9399995803833,9.920000076293945,9.9399995803833,37800
2022-09-07 00:00:00+00:00,9.930000305175781,9.930000305175781,9.9399995803833,9.920000076293945,9.920000076293945,61400
2022-09-08 00:00:00+00:00,9.90999984741211,9.90999984741211,9.925000190734863,9.90999984741211,9.920000076293945,139900
2022-09-09 00:00:00+00:00,9.920000076293945,9.920000076293945,9.925000190734863,9.90999984741211,9.920000076293945,63100
2022-09-12 00:00:00+00:00,9.90999984741211,9.90999984741211,9.930000305175781,9.90999984741211,9.920000076293945,69700
2022-09-13 00:00:00+00:00,9.920000076293945,9.920000076293945,9.920000076293945,9.920000076293945,9.920000076293945,100
2022-09-14 00:00:00+00:00,9.930000305175781,9.930000305175781,9.930000305175781,9.920000076293945,9.920000076293945,29400
2022-09-15 00:00:00+00:00,9.930000305175781,9.930000305175781,9.930000305175781,9.930000305175781,9.930000305175781,0
2022-09-16 00:00:00+00:00,9.9399995803833,9.9399995803833,9.9399995803833,9.930000305175781,9.930000305175781,900
2022-09-19 00:00:00+00:00,9.930000305175781,9.930000305175781,9.9399995803833,9.930000305175781,9.9350004196167,7200
2022-09-20 00:00:00+00:00,9.9350004196167,9.9350004196167,9.9350004196167,9.930000305175781,9.930000305175781,50800
2022-09-21 00:00:00+00:00,9.939000129699707,9.939000129699707,9.939000129699707,9.930000305175781,9.930000305175781,500
2022-09-22 00:00:00+00:00,9.9399995803833,9.9399995803833,9.9399995803833,9.937000274658203,9.937000274658203,1500
2022-09-23 00:00:00+00:00,9.9399995803833,9.9399995803833,9.9399995803833,9.9399995803833,9.9399995803833,0
2022-09-26 00:00:00+00:00,9.9399995803833,9.9399995803833,9.9399995803833,9.9399995803833,9.9399995803833,144600
2022-09-27 00:00:00+00:00,9.930000305175781,9.930000305175781,9.930000305175781,9.930000305175781,9.930000305175781,200
2022-09-28 00:00:00+00:00,9.9399995803833,9.9399995803833,9.9399995803833,9.9399995803833,9.9399995803833,2100
2022-09-29 00:00:00+00:00,9.9399995803833,9.9399995803833,9.9399995803833,9.9399995803833,9.9399995803833,0
2022-09-30 00:00:00+00:00,9.949999809265137,9.949999809265137,9.960000038146973,9.949999809265137,9.960000038146973,53900
2022-10-03 00:00:00+00:00,9.949999809265137,9.949999809265137,9.960000038146973,9.949999809265137,9.960000038146973,4100
2022-10-04 00:00:00+00:00,9.949999809265137,9.949999809265137,9.949999809265137,9.949999809265137,9.949999809265137,0
2022-10-05 00:00:00+00:00,9.949999809265137,9.949999809265137,9.949999809265137,9.949999809265137,9.949999809265137,1500
2022-10-06 00:00:00+00:00,9.949999809265137,9.949999809265137,9.96500015258789,9.949999809265137,9.949999809265137,72100
2022-10-07 00:00:00+00:00,9.949999809265137,9.949999809265137,9.979999542236328,9.949999809265137,9.979999542236328,3900
2022-10-10 00:00:00+00:00,9.960000038146973,9.960000038146973,9.960000038146973,9.960000038146973,9.960000038146973,70000
2022-10-11 00:00:00+00:00,9.960000038146973,9.960000038146973,9.960000038146973,9.960000038146973,9.960000038146973,900
2022-10-12 00:00:00+00:00,9.960000038146973,9.960000038146973,9.960000038146973,9.960000038146973,9.960000038146973,2000
2022-10-13 00:00:00+00:00,9.979999542236328,9.979999542236328,9.979999542236328,9.979999542236328,9.979999542236328,10000
2022-10-14 00:00:00+00:00,9.979999542236328,9.979999542236328,9.979999542236328,9.970000267028809,9.979999542236328,1200
2022-10-17 00:00:00+00:00,9.970000267028809,9.970000267028809,9.979999542236328,9.970000267028809,9.979999542236328,3900
2022-10-18 00:00:00+00:00,9.970000267028809,9.970000267028809,9.970000267028809,9.970000267028809,9.970000267028809,0
2022-10-19 00:00:00+00:00,9.979999542236328,9.979999542236328,9.979999542236328,9.970000267028809,9.979999542236328,106100
2022-10-20 00:00:00+00:00,10.0,10.0,10.010000228881836,9.984999656677246,9.989999771118164,161100
2022-10-21 00:00:00+00:00,10.0,10.0,10.0,10.0,10.0,76000
2022-10-24 00:00:00+00:00,10.0,10.0,10.0,10.0,10.0,0
2022-10-25 00:00:00+00:00,10.010000228881836,10.010000228881836,10.010000228881836,10.010000228881836,10.010000228881836,400
2022-10-26 00:00:00+00:00,10.0,10.0,10.029999732971191,10.0,10.029999732971191,22200
2022-10-27 00:00:00+00:00,10.0,10.0,10.010000228881836,10.0,10.010000228881836,8900
2022-10-28 00:00:00+00:00,10.0,10.0,10.010000228881836,10.0,10.010000228881836,5800
2022-10-31 00:00:00+00:00,10.0,10.0,10.0,10.0,10.0,5600
2022-11-01 00:00:00+00:00,10.0,10.0,10.0,10.0,10.0,0
2022-11-02 00:00:00+00:00,10.0,10.0,10.010000228881836,10.0,10.0,12900
2022-11-03 00:00:00+00:00,10.029999732971191,10.029999732971191,10.029999732971191,10.015000343322754,10.020000457763672,13100
2022-11-04 00:00:00+00:00,10.010000228881836,10.010000228881836,10.010000228881836,10.010000228881836,10.010000228881836,200
2022-11-07 00:00:00+00:00,10.029999732971191,10.029999732971191,10.029999732971191,10.029999732971191,10.029999732971191,2100
2022-11-08 00:00:00+00:00,10.020000457763672,10.020000457763672,10.020000457763672,10.020000457763672,10.020000457763672,200
2022-11-09 00:00:00+00:00,10.029999732971191,10.029999732971191,10.029999732971191,10.029999732971191,10.029999732971191,1000
2022-11-10 00:00:00+00:00,10.029999732971191,10.029999732971191,10.029999732971191,10.029999732971191,10.029999732971191,200
2022-11-11 00:00:00+00:00,10.020000457763672,10.020000457763672,10.039999961853027,10.020000457763672,10.029999732971191,16300
2022-11-14 00:00:00+00:00,10.010000228881836,10.010000228881836,10.029999732971191,10.010000228881836,10.020000457763672,16700
2022-11-15 00:00:00+00:00,10.039999961853027,10.039999961853027,10.045000076293945,10.039999961853027,10.039999961853027,11400
2022-11-16 00:00:00+00:00,10.039999961853027,10.039999961853027,10.039999961853027,10.039999961853027,10.039999961853027,9400
2022-11-17 00:00:00+00:00,10.039999961853027,10.039999961853027,10.039999961853027,10.029999732971191,10.029999732971191,108000
2022-11-18 00:00:00+00:00,10.029999732971191,10.029999732971191,10.039999961853027,10.029999732971191,10.039999961853027,14700
2022-11-21 00:00:00+00:00,10.020000457763672,10.020000457763672,10.029999732971191,10.020000457763672,10.029999732971191,10300
2022-11-22 00:00:00+00:00,10.039999961853027,10.039999961853027,10.050000190734863,10.039999961853027,10.050000190734863,8100
2022-11-23 00:00:00+00:00,10.039999961853027,10.039999961853027,10.039999961853027,10.039999961853027,10.039999961853027,2100
2022-11-25 00:00:00+00:00,10.039999961853027,10.039999961853027,10.039999961853027,10.039999961853027,10.039999961853027,0
2022-11-28 00:00:00+00:00,10.050000190734863,10.050000190734863,10.050000190734863,10.045000076293945,10.045000076293945,10100
2022-11-29 00:00:00+00:00,10.050000190734863,10.050000190734863,10.0600004196167,10.050000190734863,10.050000190734863,9700
2022-11-30 00:00:00+00:00,10.050000190734863,10.050000190734863,10.050000190734863,10.050000190734863,10.050000190734863,5100
2022-12-01 00:00:00+00:00,10.079999923706055,10.079999923706055,10.079999923706055,10.0600004196167,10.069999694824219,6300
2022-12-02 00:00:00+00:00,10.085000038146973,10.085000038146973,10.093000411987305,10.085000038146973,10.093000411987305,500
2022-12-05 00:00:00+00:00,10.079999923706055,10.079999923706055,10.079999923706055,10.079999923706055,10.079999923706055,1200
2022-12-06 00:00:00+00:00,10.055000305175781,10.055000305175781,10.055000305175781,10.050000190734863,10.050000190734863,900
2022-12-07 00:00:00+00:00,10.119999885559082,10.119999885559082,10.119999885559082,10.119999885559082,10.119999885559082,700
2022-12-08 00:00:00+00:00,10.0600004196167,10.0600004196167,10.0600004196167,10.0600004196167,10.0600004196167,3000
2022-12-09 00:00:00+00:00,10.0600004196167,10.0600004196167,10.0600004196167,10.0600004196167,10.0600004196167,2100
2022-12-12 00:00:00+00:00,10.0600004196167,10.0600004196167,10.119999885559082,10.0600004196167,10.0600004196167,9800
2022-12-13 00:00:00+00:00,10.119999885559082,10.119999885559082,10.119999885559082,10.100000381469727,10.100000381469727,35400
2022-12-14 00:00:00+00:00,10.119999885559082,10.119999885559082,10.130000114440918,10.100000381469727,10.119999885559082,234400
2022-12-15 00:00:00+00:00,10.119999885559082,10.119999885559082,10.130000114440918,10.100000381469727,10.109999656677246,20900
2022-12-16 00:00:00+00:00,10.140000343322754,10.140000343322754,10.140000343322754,10.119999885559082,10.119999885559082,409700
2022-12-19 00:00:00+00:00,10.149999618530273,10.149999618530273,10.149999618530273,10.130000114440918,10.130000114440918,1900
2022-12-20 00:00:00+00:00,10.140000343322754,10.140000343322754,10.149999618530273,10.140000343322754,10.149999618530273,1200
2022-12-21 00:00:00+00:00,10.140000343322754,10.140000343322754,10.140000343322754,10.140000343322754,10.140000343322754,200
2022-12-22 00:00:00+00:00,10.140000343322754,10.140000343322754,10.140000343322754,10.140000343322754,10.140000343322754,0
2022-12-23 00:00:00+00:00,10.140000343322754,10.140000343322754,10.149999618530273,10.130000114440918,10.149999618530273,26800
2022-12-27 00:00:00+00:00,10.13700008392334,10.13700008392334,10.140000343322754,10.119999885559082,10.130000114440918,4100
2022-12-28 00:00:00+00:00,10.149999618530273,10.149999618530273,10.149999618530273,10.130000114440918,10.130000114440918,15300
2022-12-29 00:00:00+00:00,10.180000305175781,10.180000305175781,10.180000305175781,10.15999984741211,10.15999984741211,1500
2022-12-30 00:00:00+00:00,10.180000305175781,10.180000305175781,10.180000305175781,10.180000305175781,10.180000305175781,1800
2023-01-03 00:00:00+00:00,10.180000305175781,10.180000305175781,10.180000305175781,10.140000343322754,10.180000305175781,10200
2023-01-04 00:00:00+00:00,10.210000038146973,10.210000038146973,10.220000267028809,10.180000305175781,10.180000305175781,17800
2023-01-05 00:00:00+00:00,10.220000267028809,10.220000267028809,10.600000381469727,10.1899995803833,10.199999809265137,64200
2023-01-06 00:00:00+00:00,10.210000038146973,10.210000038146973,10.220000267028809,10.180000305175781,10.220000267028809,8100
2023-01-09 00:00:00+00:00,10.210000038146973,10.210000038146973,10.220000267028809,10.180000305175781,10.1899995803833,42100
2023-01-10 00:00:00+00:00,10.220000267028809,10.220000267028809,10.258000373840332,10.17300033569336,10.220000267028809,50000
2023-01-11 00:00:00+00:00,10.239999771118164,10.239999771118164,10.720000267028809,10.199999809265137,10.220000267028809,614800
2023-01-12 00:00:00+00:00,9.899999618530273,9.899999618530273,9.979999542236328,9.5,9.729999542236328,23300
2023-01-13 00:00:00+00:00,9.975000381469727,9.975000381469727,10.300000190734863,9.680000305175781,9.800000190734863,11600
2023-01-17 00:00:00+00:00,10.5,10.5,11.069999694824219,10.09000015258789,10.09000015258789,15800
2023-01-18 00:00:00+00:00,10.430000305175781,10.430000305175781,11.0,10.109999656677246,10.600000381469727,48800
2023-01-19 00:00:00+00:00,10.1899995803833,10.1899995803833,10.699999809265137,9.5600004196167,9.59000015258789,41200
2023-01-20 00:00:00+00:00,10.079999923706055,10.079999923706055,10.600000381469727,9.869999885559082,10.039999961853027,52200
2023-01-23 00:00:00+00:00,10.210000038146973,10.210000038146973,10.319999694824219,10.100000381469727,10.319999694824219,2300
2023-01-24 00:00:00+00:00,10.130000114440918,10.130000114440918,10.34000015258789,10.100000381469727,10.25,4300
2023-01-25 00:00:00+00:00,10.420000076293945,10.420000076293945,10.87399959564209,10.109999656677246,10.119999885559082,40700
2023-01-26 00:00:00+00:00,10.40999984741211,10.40999984741211,12.239999771118164,9.699999809265137,11.890000343322754,101600
2023-01-27 00:00:00+00:00,10.375,10.375,11.0,10.149999618530273,10.149999618530273,11000
2023-01-30 00:00:00+00:00,10.300000190734863,10.300000190734863,10.545999526977539,10.300000190734863,10.359999656677246,7500
2023-01-31 00:00:00+00:00,10.479999542236328,10.479999542236328,10.5,10.0600004196167,10.0600004196167,55500
2023-02-01 00:00:00+00:00,10.489999771118164,10.489999771118164,10.54800033569336,10.300000190734863,10.510000228881836,27800
2023-02-02 00:00:00+00:00,10.199999809265137,10.199999809265137,10.5,10.199999809265137,10.5,900
2023-02-03 00:00:00+00:00,9.180000305175781,9.180000305175781,10.170000076293945,9.164999961853027,10.08899974822998,17100
2023-02-06 00:00:00+00:00,8.25,8.25,9.079999923706055,7.760000228881836,9.079999923706055,57200
2023-02-07 00:00:00+00:00,8.746000289916992,8.746000289916992,8.75,8.359999656677246,8.475000381469727,16100
2023-02-08 00:00:00+00:00,9.605999946594238,9.605999946594238,9.970000267028809,8.119999885559082,8.119999885559082,77200
2023-02-09 00:00:00+00:00,9.456999778747559,9.456999778747559,9.460000038146973,9.031000137329102,9.100000381469727,4600
2023-02-10 00:00:00+00:00,8.149999618530273,8.149999618530273,9.302000045776367,8.020000457763672,8.9399995803833,55100
2023-02-13 00:00:00+00:00,3.6500000953674316,3.6500000953674316,5.769999980926514,2.299999952316284,5.769999980926514,36100
2023-02-14 00:00:00+00:00,3.369999885559082,3.369999885559082,4.0,3.0,3.700000047683716,24800
2023-02-15 00:00:00+00:00,3.799999952316284,3.799999952316284,3.799999952316284,3.049999952316284,3.4000000953674316,14900
2023-02-16 00:00:00+00:00,3.9800000190734863,3.9800000190734863,4.300000190734863,3.559999942779541,4.300000190734863,17300
2023-02-17 00:00:00+00:00,3.9700000286102295,3.9700000286102295,3.9700000286102295,3.746999979019165,3.9000000953674316,1100
2023-02-21 00:00:00+00:00,4.0,4.0,4.099999904632568,3.7100000381469727,3.9200000762939453,2600
2023-02-22 00:00:00+00:00,3.859999895095825,3.859999895095825,4.090000152587891,3.5999999046325684,4.090000152587891,2600
2023-02-23 00:00:00+00:00,4.599999904632568,4.599999904632568,5.440000057220459,3.994999885559082,4.0,13600
2023-02-24 00:00:00+00:00,5.199999809265137,5.199999809265137,5.389999866485596,4.800000190734863,4.800000190734863,17600
2023-02-27 00:00:00+00:00,5.0,5.0,5.375999927520752,5.0,5.322999954223633,2900
2023-02-28 00:00:00+00:00,4.400000095367432,4.400000095367432,4.769999980926514,4.050000190734863,4.769999980926514,4100
2023-03-01 00:00:00+00:00,4.849999904632568,4.849999904632568,4.849999904632568,4.0,4.449999809265137,4100
2023-03-02 00:00:00+00:00,4.900000095367432,4.900000095367432,4.900000095367432,4.5,4.824999809265137,4000
2023-03-03 00:00:00+00:00,4.78000020980835,4.78000020980835,4.908999919891357,4.670000076293945,4.670000076293945,800
2023-03-06 00:00:00+00:00,4.5,4.5,4.78000020980835,4.5,4.78000020980835,2200
2023-03-07 00:00:00+00:00,4.599999904632568,4.599999904632568,4.800000190734863,4.599999904632568,4.800000190734863,1000
2023-03-08 00:00:00+00:00,4.400000095367432,4.400000095367432,4.400000095367432,4.400000095367432,4.400000095367432,400
2023-03-09 00:00:00+00:00,4.400000095367432,4.400000095367432,4.679999828338623,4.400000095367432,4.400000095367432,2100
2023-03-10 00:00:00+00:00,4.400000095367432,4.400000095367432,4.400000095367432,4.400000095367432,4.400000095367432,0
2023-03-13 00:00:00+00:00,4.21999979019165,4.21999979019165,4.21999979019165,3.0,4.199999809265137,1800
2023-03-14 00:00:00+00:00,4.5,4.5,4.5,3.700000047683716,4.269999980926514,1400
2023-03-15 00:00:00+00:00,3.5999999046325684,3.5999999046325684,4.400000095367432,3.5999999046325684,4.400000095367432,1600
2023-03-16 00:00:00+00:00,4.070000171661377,4.070000171661377,4.070000171661377,3.8499999046325684,4.0,2000
2023-03-17 00:00:00+00:00,4.0,4.0,4.070000171661377,3.799999952316284,3.799999952316284,1700
2023-03-20 00:00:00+00:00,3.8499999046325684,3.8499999046325684,3.8499999046325684,3.8499999046325684,3.8499999046325684,100
2023-03-21 00:00:00+00:00,3.799999952316284,3.799999952316284,3.799999952316284,3.799999952316284,3.799999952316284,1000
2023-03-22 00:00:00+00:00,3.5,3.5,3.880000114440918,3.5,3.5,700
2023-03-23 00:00:00+00:00,4.199999809265137,4.199999809265137,4.199999809265137,3.25,3.25,1500
2023-03-24 00:00:00+00:00,4.199999809265137,4.199999809265137,4.199999809265137,4.199999809265137,4.199999809265137,0
2023-03-27 00:00:00+00:00,4.199999809265137,4.199999809265137,4.199999809265137,4.199999809265137,4.199999809265137,0
2023-03-28 00:00:00+00:00,3.450000047683716,3.450000047683716,3.75,3.450000047683716,3.75,500
2023-03-29 00:00:00+00:00,3.8499999046325684,3.8499999046325684,3.8499999046325684,3.8499999046325684,3.8499999046325684,300
2023-03-30 00:00:00+00:00,3.5,3.5,3.700000047683716,3.257999897003174,3.700000047683716,5000
2023-03-31 00:00:00+00:00,3.299999952316284,3.299999952316284,3.5,3.299999952316284,3.5,400
2023-04-03 00:00:00+00:00,3.309999942779541,3.309999942779541,3.5,3.299999952316284,3.5,1400
2023-04-04 00:00:00+00:00,3.5,3.5,3.5,3.25,3.25,800
2023-04-05 00:00:00+00:00,3.5,3.5,3.5,3.5,3.5,0
2023-04-06 00:00:00+00:00,3.380000114440918,3.380000114440918,3.380000114440918,3.380000114440918,3.380000114440918,300
2023-04-10 00:00:00+00:00,3.380000114440918,3.380000114440918,3.5,3.25,3.259999990463257,3900
2023-04-11 00:00:00+00:00,3.25,3.25,3.25,3.25,3.25,2700
2023-04-12 00:00:00+00:00,3.2100000381469727,3.2100000381469727,3.2100000381469727,3.2100000381469727,3.2100000381469727,4800
2023-04-13 00:00:00+00:00,3.2100000381469727,3.2100000381469727,3.2100000381469727,3.2100000381469727,3.2100000381469727,200
2023-04-14 00:00:00+00:00,3.0,3.0,3.1500000953674316,3.0,3.109999895095825,4300
2023-04-17 00:00:00+00:00,3.0,3.0,3.0,3.0,3.0,0
2023-04-18 00:00:00+00:00,2.190000057220459,2.190000057220459,2.5299999713897705,1.7100000381469727,2.5299999713897705,6100
2023-04-19 00:00:00+00:00,2.75,2.75,2.75,2.2799999713897705,2.2799999713897705,400
2023-04-20 00:00:00+00:00,2.5,2.5,2.562999963760376,2.5,2.562999963760376,1100
2023-04-21 00:00:00+00:00,2.5,2.5,2.5,2.5,2.5,0
2023-04-24 00:00:00+00:00,2.5,2.5,2.5,2.5,2.5,0
2023-04-25 00:00:00+00:00,2.619999885559082,2.619999885559082,2.681999921798706,2.619999885559082,2.6500000953674316,1100
2023-04-26 00:00:00+00:00,2.680000066757202,2.680000066757202,2.680000066757202,2.677999973297119,2.680000066757202,1800
2023-04-27 00:00:00+00:00,2.740000009536743,2.740000009536743,2.740000009536743,2.690000057220459,2.690000057220459,1500
2023-04-28 00:00:00+00:00,3.4000000953674316,3.4000000953674316,3.450000047683716,3.0,3.0,800
2023-05-01 00:00:00+00:00,3.4000000953674316,3.4000000953674316,3.4000000953674316,3.4000000953674316,3.4000000953674316,1000
2023-05-02 00:00:00+00:00,3.2100000381469727,3.2100000381469727,3.2100000381469727,3.0,3.009999990463257,2700
2023-05-03 00:00:00+00:00,3.2100000381469727,3.2100000381469727,3.2100000381469727,3.2100000381469727,3.2100000381469727,0
2023-05-04 00:00:00+00:00,3.2100000381469727,3.2100000381469727,3.2100000381469727,3.2100000381469727,3.2100000381469727,0
2023-05-05 00:00:00+00:00,3.2100000381469727,3.2100000381469727,3.2100000381469727,3.2100000381469727,3.2100000381469727,0
2023-05-08 00:00:00+00:00,3.2100000381469727,3.2100000381469727,3.2100000381469727,3.2100000381469727,3.2100000381469727,0
2023-05-09 00:00:00+00:00,3.2100000381469727,3.2100000381469727,3.2100000381469727,3.2100000381469727,3.2100000381469727,0
2023-05-10 00:00:00+00:00,3.4000000953674316,3.4000000953674316,3.4000000953674316,2.9000000953674316,2.9000000953674316,1100
2023-05-11 00:00:00+00:00,3.2100000381469727,3.2100000381469727,3.2200000286102295,3.2100000381469727,3.2200000286102295,400
2023-05-12 00:00:00+00:00,3.4000000953674316,3.4000000953674316,3.4000000953674316,3.4000000953674316,3.4000000953674316,400
2023-05-15 00:00:00+00:00,3.0,3.0,3.4000000953674316,3.0,3.4000000953674316,700
2023-05-16 00:00:00+00:00,3.0,3.0,3.0299999713897705,2.5,3.0,2200
2023-05-17 00:00:00+00:00,3.0,3.0,3.0,3.0,3.0,0
2023-05-18 00:00:00+00:00,3.0,3.0,3.0,3.0,3.0,0
2023-05-19 00:00:00+00:00,3.2899999618530273,3.2899999618530273,3.2899999618530273,3.0,3.0,700
2023-05-22 00:00:00+00:00,3.0850000381469727,3.0850000381469727,3.0850000381469727,2.75,2.75,200
2023-05-23 00:00:00+00:00,3.0,3.0,3.0999999046325684,3.0,3.0999999046325684,200
2023-05-24 00:00:00+00:00,3.0,3.0,3.0,3.0,3.0,0
2023-05-25 00:00:00+00:00,3.0,3.0,3.0,3.0,3.0,200
2023-05-26 00:00:00+00:00,2.75,2.75,2.759999990463257,2.75,2.75,700
2023-05-30 00:00:00+00:00,2.5,2.5,3.0,2.5,2.75,1600
2023-05-31 00:00:00+00:00,2.75,2.75,2.75,2.450000047683716,2.5,2900
2023-06-01 00:00:00+00:00,3.0,3.0,3.0,2.740000009536743,2.75,1500
2023-06-02 00:00:00+00:00,3.0,3.0,3.0,3.0,3.0,0
2023-06-05 00:00:00+00:00,3.0,3.0,3.25,3.0,3.25,500
2023-06-06 00:00:00+00:00,3.0,3.0,3.0,3.0,3.0,0
2023-06-07 00:00:00+00:00,3.0,3.0,3.0,3.0,3.0,0
2023-06-08 00:00:00+00:00,3.0,3.0,3.0,3.0,3.0,0
2023-06-09 00:00:00+00:00,3.0,3.0,3.0,3.0,3.0,0
2023-06-12 00:00:00+00:00,3.0,3.0,3.0,2.759999990463257,2.759999990463257,200
2023-06-13 00:00:00+00:00,3.0,3.0,3.0,3.0,3.0,0
2023-06-14 00:00:00+00:00,3.299999952316284,3.299999952316284,3.4700000286102295,3.0,3.0,2100
2023-06-15 00:00:00+00:00,3.25,3.25,3.6579999923706055,3.25,3.25,2600
2023-06-16 00:00:00+00:00,3.5880000591278076,3.5880000591278076,3.6059999465942383,3.0950000286102295,3.0950000286102295,3100
2023-06-20 00:00:00+00:00,3.5,3.5,3.5,3.0999999046325684,3.3499999046325684,4300
2023-06-21 00:00:00+00:00,3.4700000286102295,3.4700000286102295,3.5,3.1500000953674316,3.5,1400
2023-06-22 00:00:00+00:00,3.433000087738037,3.433000087738037,3.625,3.0,3.0,5200
2023-06-23 00:00:00+00:00,4.099999904632568,4.099999904632568,4.099999904632568,3.4749999046325684,3.5880000591278076,2500
2023-06-26 00:00:00+00:00,3.763000011444092,3.763000011444092,4.099999904632568,3.490000009536743,4.090000152587891,2300
2023-06-27 00:00:00+00:00,3.299999952316284,3.299999952316284,3.5,2.697000026702881,3.5,4700
2023-06-28 00:00:00+00:00,3.440000057220459,3.440000057220459,4.0,3.200000047683716,3.200000047683716,4500
2023-06-29 00:00:00+00:00,3.299999952316284,3.299999952316284,4.0,3.299999952316284,3.440000057220459,1700
2023-06-30 00:00:00+00:00,3.299999952316284,3.299999952316284,3.299999952316284,3.299999952316284,3.299999952316284,0
2023-07-03 00:00:00+00:00,2.759999990463257,2.759999990463257,2.809999942779541,2.499000072479248,2.809999942779541,465500
2023-07-05 00:00:00+00:00,2.440000057220459,2.440000057220459,2.549999952316284,2.4100000858306885,2.430000066757202,73700
2023-07-06 00:00:00+00:00,2.4100000858306885,2.4100000858306885,2.490000009536743,2.2300000190734863,2.490000009536743,52200
2023-07-07 00:00:00+00:00,2.319999933242798,2.319999933242798,2.4000000953674316,2.180000066757202,2.3399999141693115,50800
2023-07-10 00:00:00+00:00,2.4100000858306885,2.4100000858306885,2.4200000762939453,2.299999952316284,2.4000000953674316,22600
2023-07-11 00:00:00+00:00,2.3499999046325684,2.3499999046325684,2.4000000953674316,2.240000009536743,2.315000057220459,12900
2023-07-12 00:00:00+00:00,2.299999952316284,2.299999952316284,2.369999885559082,2.2300000190734863,2.369999885559082,14100
2023-07-13 00:00:00+00:00,2.25,2.25,2.3399999141693115,1.7699999809265137,2.25,30600
2023-07-14 00:00:00+00:00,2.680000066757202,2.680000066757202,3.0899999141693115,2.1510000228881836,2.200000047683716,401300
2023-07-17 00:00:00+00:00,2.4100000858306885,2.4100000858306885,2.7100000381469727,2.2799999713897705,2.549999952316284,67400
2023-07-18 00:00:00+00:00,2.265000104904175,2.265000104904175,2.390000104904175,2.190000057220459,2.3299999237060547,42300
2023-07-19 00:00:00+00:00,2.259999990463257,2.259999990463257,2.299999952316284,2.2100000381469727,2.259999990463257,22600
2023-07-20 00:00:00+00:00,2.2799999713897705,2.2799999713897705,2.2799999713897705,2.0899999141693115,2.25,26400
2023-07-21 00:00:00+00:00,2.1649999618530273,2.1649999618530273,2.240000009536743,2.0399999618530273,2.240000009536743,20600
2023-07-24 00:00:00+00:00,2.069999933242798,2.069999933242798,2.25,2.0399999618530273,2.069999933242798,20500
2023-07-25 00:00:00+00:00,2.0299999713897705,2.0299999713897705,2.069999933242798,2.0,2.069999933242798,12100
2023-07-26 00:00:00+00:00,2.0299999713897705,2.0299999713897705,2.140000104904175,1.9600000381469727,2.140000104904175,9700
2023-07-27 00:00:00+00:00,1.899999976158142,1.899999976158142,1.9980000257492065,1.8300000429153442,1.9980000257492065,23500
2023-07-28 00:00:00+00:00,1.8600000143051147,1.8600000143051147,1.975000023841858,1.819000005722046,1.8869999647140503,14300
2023-07-31 00:00:00+00:00,1.8600000143051147,1.8600000143051147,1.8600000143051147,1.7999999523162842,1.8600000143051147,22800
2023-08-01 00:00:00+00:00,1.9900000095367432,1.9900000095367432,2.0,1.8320000171661377,1.9700000286102295,8800
2023-08-02 00:00:00+00:00,2.0399999618530273,2.0399999618530273,2.049999952316284,1.899999976158142,1.9700000286102295,14400
2023-08-03 00:00:00+00:00,2.0,2.0,2.069999933242798,1.8799999952316284,2.0199999809265137,26900
2023-08-04 00:00:00+00:00,2.049999952316284,2.049999952316284,2.0899999141693115,1.9700000286102295,2.0399999618530273,13800
2023-08-07 00:00:00+00:00,2.049999952316284,2.049999952316284,2.0899999141693115,1.9600000381469727,1.9600000381469727,4300
2023-08-08 00:00:00+00:00,2.049999952316284,2.049999952316284,2.049999952316284,1.8799999952316284,1.9500000476837158,9700
2023-08-09 00:00:00+00:00,2.0799999237060547,2.0799999237060547,2.140000104904175,1.8849999904632568,2.140000104904175,5400
2023-08-10 00:00:00+00:00,2.0999999046325684,2.0999999046325684,2.140000104904175,2.009999990463257,2.140000104904175,2900
2023-08-11 00:00:00+00:00,2.0799999237060547,2.0799999237060547,2.200000047683716,2.0199999809265137,2.200000047683716,2700
2023-08-14 00:00:00+00:00,2.0799999237060547,2.0799999237060547,2.177999973297119,2.0199999809265137,2.0299999713897705,4100
2023-08-15 00:00:00+00:00,2.0299999713897705,2.0299999713897705,2.130000114440918,1.7100000381469727,1.9900000095367432,10600
2023-08-16 00:00:00+00:00,2.059999942779541,2.059999942779541,2.0899999141693115,1.940000057220459,2.0899999141693115,7600
2023-08-17 00:00:00+00:00,2.009999990463257,2.009999990463257,2.180000066757202,2.009999990463257,2.180000066757202,1200
2023-08-18 00:00:00+00:00,2.0399999618530273,2.0399999618530273,2.0799999237060547,1.9299999475479126,2.0799999237060547,3000
2023-08-21 00:00:00+00:00,1.9900000095367432,1.9900000095367432,2.059999942779541,1.9800000190734863,1.9900000095367432,2900
2023-08-22 00:00:00+00:00,2.0399999618530273,2.0399999618530273,2.059999942779541,1.940000057220459,2.059999942779541,8500
2023-08-23 00:00:00+00:00,1.9800000190734863,1.9800000190734863,2.0199999809265137,1.8600000143051147,1.8600000143051147,5400
2023-08-24 00:00:00+00:00,1.9500000476837158,1.9500000476837158,2.0,1.850000023841858,2.0,9100
2023-08-25 00:00:00+00:00,2.200000047683716,2.200000047683716,2.200000047683716,1.934999942779541,1.9800000190734863,7700
2023-08-28 00:00:00+00:00,2.0399999618530273,2.0399999618530273,2.200000047683716,1.9199999570846558,2.200000047683716,10700
2023-08-29 00:00:00+00:00,2.0,2.0,2.0999999046325684,1.9199999570846558,2.005000114440918,7600
2023-08-30 00:00:00+00:00,2.009999990463257,2.009999990463257,2.0199999809265137,1.9199999570846558,2.0,15300
2023-08-31 00:00:00+00:00,2.0199999809265137,2.0199999809265137,2.0299999713897705,1.850000023841858,1.975000023841858,12100
2023-09-01 00:00:00+00:00,1.9900000095367432,1.9900000095367432,2.0299999713897705,1.850000023841858,1.909999966621399,19900
2023-09-05 00:00:00+00:00,2.009999990463257,2.009999990463257,2.009999990463257,1.809999942779541,1.9900000095367432,8800
2023-09-06 00:00:00+00:00,2.0,2.0,2.0,1.850000023841858,1.8600000143051147,23100
2023-09-07 00:00:00+00:00,1.7999999523162842,1.7999999523162842,1.9600000381469727,1.6950000524520874,1.9600000381469727,20100
2023-09-08 00:00:00+00:00,1.840000033378601,1.840000033378601,1.909999966621399,1.7300000190734863,1.8300000429153442,6200
2023-09-11 00:00:00+00:00,1.8600000143051147,1.8600000143051147,1.8700000047683716,1.7400000095367432,1.8700000047683716,6300
2023-09-12 00:00:00+00:00,1.7999999523162842,1.7999999523162842,1.7999999523162842,1.7350000143051147,1.7350000143051147,2800
2023-09-13 00:00:00+00:00,1.7899999618530273,1.7899999618530273,1.7899999618530273,1.6200000047683716,1.7200000286102295,6500
2023-09-14 00:00:00+00:00,1.7000000476837158,1.7000000476837158,1.7599999904632568,1.340000033378601,1.7319999933242798,20300
2023-09-15 00:00:00+00:00,1.6799999475479126,1.6799999475479126,1.684000015258789,1.309999942779541,1.4500000476837158,47900
2023-09-18 00:00:00+00:00,1.5299999713897705,1.5299999713897705,1.6399999856948853,1.4800000190734863,1.5099999904632568,16900
2023-09-19 00:00:00+00:00,1.409999966621399,1.409999966621399,1.5499999523162842,1.059999942779541,1.4299999475479126,43000
2023-09-20 00:00:00+00:00,1.059999942779541,1.059999942779541,1.440000057220459,1.059999942779541,1.3700000047683716,13000
2023-09-21 00:00:00+00:00,1.1399999856948853,1.1399999856948853,1.1399999856948853,0.9300000071525574,1.1100000143051147,94500
2023-09-22 00:00:00+00:00,1.149999976158142,1.149999976158142,1.159999966621399,1.0299999713897705,1.1399999856948853,5200
2023-09-25 00:00:00+00:00,1.100000023841858,1.100000023841858,1.1749999523162842,0.9700000286102295,1.149999976158142,4900
2023-09-26 00:00:00+00:00,1.0800000429153442,1.0800000429153442,1.100000023841858,1.0099999904632568,1.0099999904632568,4000
2023-09-27 00:00:00+00:00,1.2000000476837158,1.2000000476837158,1.2000000476837158,1.0299999713897705,1.1200000047683716,7500
2023-09-28 00:00:00+00:00,1.2200000286102295,1.2200000286102295,1.2200000286102295,1.1180000305175781,1.1399999856948853,4600
2023-09-29 00:00:00+00:00,1.1100000143051147,1.1100000143051147,1.2000000476837158,1.1100000143051147,1.2000000476837158,3200
2023-10-02 00:00:00+00:00,1.2300000190734863,1.2300000190734863,1.3760000467300415,1.149999976158142,1.190000057220459,9200
2023-10-03 00:00:00+00:00,1.190000057220459,1.190000057220459,1.2139999866485596,0.9700000286102295,1.100000023841858,10600
2023-10-04 00:00:00+00:00,1.2300000190734863,1.2300000190734863,1.25,1.100000023841858,1.2400000095367432,7800
2023-10-05 00:00:00+00:00,1.2899999618530273,1.2899999618530273,1.2899999618530273,1.1050000190734863,1.2000000476837158,8300
2023-10-06 00:00:00+00:00,1.3600000143051147,1.3600000143051147,1.3600000143051147,1.2000000476837158,1.2089999914169312,11900
2023-10-09 00:00:00+00:00,1.2999999523162842,1.2999999523162842,1.3600000143051147,1.2000000476837158,1.3600000143051147,31500
2023-10-10 00:00:00+00:00,1.340000033378601,1.340000033378601,1.350000023841858,1.25,1.340000033378601,4200
2023-10-11 00:00:00+00:00,1.309999942779541,1.309999942779541,1.350000023841858,1.100000023841858,1.350000023841858,7400
2023-10-12 00:00:00+00:00,1.1720000505447388,1.1720000505447388,1.2200000286102295,1.100000023841858,1.2200000286102295,2600
2023-10-13 00:00:00+00:00,1.1699999570846558,1.1699999570846558,1.340000033378601,1.1100000143051147,1.1699999570846558,7000
2023-10-16 00:00:00+00:00,1.2400000095367432,1.2400000095367432,1.3020000457763672,1.1200000047683716,1.2000000476837158,6100
2023-10-17 00:00:00+00:00,1.3200000524520874,1.3200000524520874,1.3200000524520874,1.1950000524520874,1.2200000286102295,2400
2023-10-18 00:00:00+00:00,1.3200000524520874,1.3200000524520874,1.340000033378601,1.1100000143051147,1.1699999570846558,17000
2023-10-19 00:00:00+00:00,1.2699999809265137,1.2699999809265137,1.2899999618530273,1.0199999809265137,1.149999976158142,7700
2023-10-20 00:00:00+00:00,1.25,1.25,1.25,1.1399999856948853,1.2200000286102295,9900
2023-10-23 00:00:00+00:00,1.2300000190734863,1.2300000190734863,1.2330000400543213,1.1699999570846558,1.1890000104904175,5900
2023-10-24 00:00:00+00:00,1.3200000524520874,1.3200000524520874,1.340000033378601,1.1729999780654907,1.1729999780654907,5100
2023-10-25 00:00:00+00:00,1.2999999523162842,1.2999999523162842,1.2999999523162842,1.1399999856948853,1.1799999475479126,3800
2023-10-26 00:00:00+00:00,1.2699999809265137,1.2699999809265137,1.350000023841858,1.1799999475479126,1.350000023841858,3400
2023-10-27 00:00:00+00:00,1.25,1.25,1.2599999904632568,1.1089999675750732,1.2400000095367432,8900
2023-10-30 00:00:00+00:00,1.25,1.25,1.25,1.149999976158142,1.2100000381469727,2800
2023-10-31 00:00:00+00:00,1.2400000095367432,1.2400000095367432,1.25,1.149999976158142,1.149999976158142,3700
2023-11-01 00:00:00+00:00,1.149999976158142,1.149999976158142,1.2799999713897705,1.0199999809265137,1.2799999713897705,4500
2023-11-02 00:00:00+00:00,1.190000057220459,1.190000057220459,1.2599999904632568,1.190000057220459,1.2100000381469727,2200
2023-11-03 00:00:00+00:00,1.1699999570846558,1.1699999570846558,1.2899999618530273,1.149999976158142,1.2599999904632568,4100
2023-11-06 00:00:00+00:00,1.1100000143051147,1.1100000143051147,1.1699999570846558,1.0499999523162842,1.125,5700
2023-11-07 00:00:00+00:00,1.090000033378601,1.090000033378601,1.1349999904632568,1.0099999904632568,1.1150000095367432,137800
2023-11-08 00:00:00+00:00,1.0399999618530273,1.0399999618530273,1.0800000429153442,0.9700000286102295,1.0399999618530273,13000
2023-11-09 00:00:00+00:00,1.0199999809265137,1.0199999809265137,1.059999942779541,0.9700000286102295,1.0299999713897705,9500
2023-11-10 00:00:00+00:00,1.100000023841858,1.100000023841858,1.1549999713897705,0.9900000095367432,1.0199999809265137,14600
2023-11-13 00:00:00+00:00,1.1100000143051147,1.1100000143051147,1.149999976158142,1.0549999475479126,1.065000057220459,19800
2023-11-14 00:00:00+00:00,1.0700000524520874,1.0700000524520874,1.2000000476837158,0.9100000262260437,1.0800000429153442,27900
2023-11-15 00:00:00+00:00,1.100000023841858,1.100000023841858,1.100000023841858,1.0499999523162842,1.0499999523162842,4800
2023-11-16 00:00:00+00:00,1.090000033378601,1.090000033378601,1.1200000047683716,1.0199999809265137,1.1200000047683716,4200
2023-11-17 00:00:00+00:00,1.1100000143051147,1.1100000143051147,1.1100000143051147,1.065000057220459,1.065000057220459,1600
2023-11-20 00:00:00+00:00,1.0700000524520874,1.0700000524520874,1.0700000524520874,0.9319999814033508,1.0399999618530273,20400
2023-11-21 00:00:00+00:00,0.9800000190734863,0.9800000190734863,1.0499999523162842,0.9100000262260437,1.0199999809265137,14400
2023-11-22 00:00:00+00:00,1.0,1.0,1.0700000524520874,0.9599999785423279,1.0700000524520874,9500
2023-11-24 00:00:00+00:00,1.0299999713897705,1.0299999713897705,1.0399999618530273,1.0,1.0299999713897705,2600
2023-11-27 00:00:00+00:00,0.9549999833106995,0.9549999833106995,1.2899999618530273,0.7409999966621399,1.0099999904632568,99900
2023-11-28 00:00:00+00:00,0.9900000095367432,0.9900000095367432,1.1200000047683716,0.8799999952316284,0.9419999718666077,37300
2023-11-29 00:00:00+00:00,0.9980000257492065,0.9980000257492065,1.0700000524520874,0.8999999761581421,1.0700000524520874,12100
2023-11-30 00:00:00+00:00,0.949999988079071,0.949999988079071,0.949999988079071,0.8399999737739563,0.8500000238418579,7200
2023-12-01 00:00:00+00:00,0.9900000095367432,0.9900000095367432,0.9900000095367432,0.9300000071525574,0.9900000095367432,7900
2023-12-04 00:00:00+00:00,1.0099999904632568,1.0099999904632568,1.0099999904632568,0.8930000066757202,0.9599999785423279,8600
2023-12-05 00:00:00+00:00,1.0,1.0,1.0099999904632568,0.9340000152587891,0.9800000190734863,3000
2023-12-06 00:00:00+00:00,0.9890000224113464,0.9890000224113464,0.9900000095367432,0.9190000295639038,0.9900000095367432,11000
2023-12-07 00:00:00+00:00,0.949999988079071,0.949999988079071,0.9509999752044678,0.8960000276565552,0.9100000262260437,7000
2023-12-08 00:00:00+00:00,0.949999988079071,0.949999988079071,0.9900000095367432,0.781000018119812,0.8960000276565552,32400
2023-12-11 00:00:00+00:00,0.8100000023841858,0.8100000023841858,0.9449999928474426,0.75,0.9449999928474426,38600
2023-12-12 00:00:00+00:00,0.8009999990463257,0.8009999990463257,0.8100000023841858,0.7099999785423279,0.7739999890327454,30900
2023-12-13 00:00:00+00:00,0.8240000009536743,0.8240000009536743,0.8240000009536743,0.7870000004768372,0.8240000009536743,1700
2023-12-14 00:00:00+00:00,0.8730000257492065,0.8730000257492065,0.8849999904632568,0.7099999785423279,0.8299999833106995,31900
2023-12-15 00:00:00+00:00,0.7440000176429749,0.7440000176429749,0.8899999856948853,0.699999988079071,0.8899999856948853,68600
2023-12-18 00:00:00+00:00,0.7749999761581421,0.7749999761581421,0.7749999761581421,0.6510000228881836,0.7200000286102295,67400
2023-12-19 00:00:00+00:00,0.8299999833106995,0.8299999833106995,0.8339999914169312,0.699999988079071,0.800000011920929,45000
2023-12-20 00:00:00+00:00,0.8190000057220459,0.8190000057220459,0.8299999833106995,0.7059999704360962,0.7720000147819519,20100
2023-12-21 00:00:00+00:00,0.8999999761581421,0.8999999761581421,0.8999999761581421,0.7599999904632568,0.7900000214576721,51400
2023-12-22 00:00:00+00:00,0.8899999856948853,0.8899999856948853,0.8999999761581421,0.7599999904632568,0.8209999799728394,12300
2023-12-26 00:00:00+00:00,0.8989999890327454,0.8989999890327454,0.8999999761581421,0.800000011920929,0.8199999928474426,21900
2023-12-27 00:00:00+00:00,0.8999999761581421,0.8999999761581421,0.9589999914169312,0.8309999704360962,0.8999999761581421,4700
2023-12-28 00:00:00+00:00,0.8600000143051147,0.8600000143051147,0.8970000147819519,0.800000011920929,0.8970000147819519,33500
2023-12-29 00:00:00+00:00,0.9279999732971191,0.9279999732971191,0.9800000190734863,0.800000011920929,0.9480000138282776,12000
2024-01-02 00:00:00+00:00,0.9300000071525574,0.9300000071525574,0.9750000238418579,0.8080000281333923,0.9750000238418579,3000
2024-01-03 00:00:00+00:00,0.949999988079071,0.949999988079071,0.949999988079071,0.8500000238418579,0.9399999976158142,13800
2024-01-04 00:00:00+00:00,1.0199999809265137,1.0199999809265137,1.100000023841858,0.9399999976158142,0.9399999976158142,83400
2024-01-05 00:00:00+00:00,1.0299999713897705,1.0299999713897705,1.1519999504089355,1.0,1.0299999713897705,8400
2024-01-08 00:00:00+00:00,1.0299999713897705,1.0299999713897705,1.0299999713897705,0.9800000190734863,1.0099999904632568,2600
2024-01-09 00:00:00+00:00,1.059999942779541,1.059999942779541,1.1799999475479126,1.0,1.0299999713897705,20900
2024-01-10 00:00:00+00:00,1.0399999618530273,1.0399999618530273,1.1859999895095825,1.0,1.1859999895095825,3400
2024-01-11 00:00:00+00:00,1.0399999618530273,1.0399999618530273,1.1100000143051147,1.0,1.0800000429153442,10100
2024-01-12 00:00:00+00:00,1.1200000047683716,1.1200000047683716,1.1699999570846558,1.0499999523162842,1.100000023841858,50400
2024-01-16 00:00:00+00:00,1.350000023841858,1.350000023841858,1.5499999523162842,1.2100000381469727,1.399999976158142,148000
2024-01-17 00:00:00+00:00,1.350000023841858,1.350000023841858,1.3700000047683716,1.2300000190734863,1.350000023841858,11700
2024-01-18 00:00:00+00:00,1.4299999475479126,1.4299999475479126,1.4700000286102295,1.2599999904632568,1.3200000524520874,64600
2024-01-19 00:00:00+00:00,1.4600000381469727,1.4600000381469727,1.4900000095367432,1.3600000143051147,1.3799999952316284,34800
2024-01-22 00:00:00+00:00,1.399999976158142,1.399999976158142,1.5399999618530273,1.2799999713897705,1.4249999523162842,31500
2024-01-23 00:00:00+00:00,1.399999976158142,1.399999976158142,1.4800000190734863,1.2100000381469727,1.399999976158142,40300
2024-01-24 00:00:00+00:00,1.3899999856948853,1.3899999856948853,1.4700000286102295,1.3600000143051147,1.4600000381469727,7100
2024-01-25 00:00:00+00:00,1.2999999523162842,1.2999999523162842,1.3899999856948853,1.0700000524520874,1.2999999523162842,91300
2024-01-26 00:00:00+00:00,1.3200000524520874,1.3200000524520874,1.350000023841858,1.2710000276565552,1.350000023841858,3300
2024-01-29 00:00:00+00:00,1.350000023841858,1.350000023841858,1.3899999856948853,1.2400000095367432,1.350000023841858,12000
2024-01-30 00:00:00+00:00,1.2999999523162842,1.2999999523162842,1.4199999570846558,1.2100000381469727,1.3799999952316284,8200
2024-01-31 00:00:00+00:00,1.350000023841858,1.350000023841858,1.350000023841858,1.2710000276565552,1.3200000524520874,5200
2024-02-01 00:00:00+00:00,1.399999976158142,1.399999976158142,1.4600000381469727,1.3049999475479126,1.3049999475479126,8100
2024-02-02 00:00:00+00:00,1.378000020980835,1.378000020980835,1.409999966621399,1.350000023841858,1.350000023841858,7300
2024-02-05 00:00:00+00:00,1.350000023841858,1.350000023841858,1.399999976158142,1.2799999713897705,1.340000033378601,6800
2024-02-06 00:00:00+00:00,1.340000033378601,1.340000033378601,1.3799999952316284,1.2699999809265137,1.2699999809265137,12000
2024-02-07 00:00:00+00:00,1.4500000476837158,1.4500000476837158,1.4600000381469727,1.340000033378601,1.399999976158142,22800
2024-02-08 00:00:00+00:00,1.6699999570846558,1.6699999570846558,1.7000000476837158,1.399999976158142,1.4900000095367432,122100
2024-02-09 00:00:00+00:00,1.75,1.75,2.2899999618530273,1.5299999713897705,1.5299999713897705,197400
2024-02-12 00:00:00+00:00,1.9500000476837158,1.9500000476837158,1.9800000190734863,1.6950000524520874,1.9800000190734863,36200
2024-02-13 00:00:00+00:00,1.9199999570846558,1.9199999570846558,1.9700000286102295,1.6799999475479126,1.7000000476837158,93800
2024-02-14 00:00:00+00:00,1.9800000190734863,1.9800000190734863,1.9900000095367432,1.7699999809265137,1.7699999809265137,79900
2024-02-15 00:00:00+00:00,1.940000057220459,1.940000057220459,1.9500000476837158,1.7400000095367432,1.9500000476837158,20800
2024-02-16 00:00:00+00:00,1.899999976158142,1.899999976158142,1.899999976158142,1.7799999713897705,1.8799999952316284,10200
2024-02-20 00:00:00+00:00,1.8899999856948853,1.8899999856948853,1.940000057220459,1.850000023841858,1.899999976158142,27100
2024-02-21 00:00:00+00:00,1.8799999952316284,1.8799999952316284,1.8899999856948853,1.7799999713897705,1.7979999780654907,6000
2024-02-22 00:00:00+00:00,1.8899999856948853,1.8899999856948853,1.8899999856948853,1.75,1.8899999856948853,5400
2024-02-23 00:00:00+00:00,1.840000033378601,1.840000033378601,1.878999948501587,1.75,1.878999948501587,4700
2024-02-26 00:00:00+00:00,1.815999984741211,1.815999984741211,1.8899999856948853,1.7699999809265137,1.850000023841858,21400
2024-02-27 00:00:00+00:00,1.7999999523162842,1.7999999523162842,1.7999999523162842,1.6399999856948853,1.7699999809265137,46600
2024-02-28 00:00:00+00:00,1.7000000476837158,1.7000000476837158,1.7999999523162842,1.5499999523162842,1.75,33800
2024-02-29 00:00:00+00:00,1.690000057220459,1.690000057220459,1.7899999618530273,1.6799999475479126,1.7000000476837158,3700
2024-03-01 00:00:00+00:00,1.690000057220459,1.690000057220459,1.75,1.5499999523162842,1.659999966621399,23300
2024-03-04 00:00:00+00:00,1.4700000286102295,1.4700000286102295,1.6699999570846558,1.2300000190734863,1.6699999570846558,37000
2024-03-05 00:00:00+00:00,1.2899999618530273,1.2899999618530273,1.5099999904632568,1.2599999904632568,1.4700000286102295,38700
2024-03-06 00:00:00+00:00,1.2799999713897705,1.2799999713897705,1.2999999523162842,1.1699999570846558,1.2200000286102295,26900
2024-03-07 00:00:00+00:00,1.4600000381469727,1.4600000381469727,1.940000057220459,1.1820000410079956,1.1820000410079956,34800
2024-03-08 00:00:00+00:00,1.6699999570846558,1.6699999570846558,1.7999999523162842,1.4160000085830688,1.4160000085830688,105300
2024-03-11 00:00:00+00:00,1.659999966621399,1.659999966621399,1.7200000286102295,1.590000033378601,1.7200000286102295,6300
2024-03-12 00:00:00+00:00,1.5,1.5,1.8700000047683716,1.4179999828338623,1.6799999475479126,47400
2024-03-13 00:00:00+00:00,1.4700000286102295,1.4700000286102295,1.7699999809265137,1.4600000381469727,1.5399999618530273,5300
2024-03-14 00:00:00+00:00,1.590000033378601,1.590000033378601,1.6330000162124634,1.440000057220459,1.5399999618530273,14300
2024-03-15 00:00:00+00:00,1.559999942779541,1.559999942779541,1.600000023841858,1.4500000476837158,1.590000033378601,3600
2024-03-18 00:00:00+00:00,1.5399999618530273,1.5399999618530273,1.600000023841858,1.4800000190734863,1.4800000190734863,10100
2024-03-19 00:00:00+00:00,1.75,1.75,1.7999999523162842,1.4600000381469727,1.4900000095367432,13500
2024-03-20 00:00:00+00:00,1.7400000095367432,1.7400000095367432,1.8049999475479126,1.7400000095367432,1.75,5600
2024-03-21 00:00:00+00:00,1.6699999570846558,1.6699999570846558,1.8569999933242798,1.6449999809265137,1.7300000190734863,54000
2024-03-22 00:00:00+00:00,1.8300000429153442,1.8300000429153442,1.850000023841858,1.659999966621399,1.6699999570846558,17500
2024-03-25 00:00:00+00:00,1.8300000429153442,1.8300000429153442,1.8899999856948853,1.6399999856948853,1.809999942779541,18100
2024-03-26 00:00:00+00:00,2.059999942779541,2.059999942779541,2.2200000286102295,1.7999999523162842,1.7999999523162842,26100
2024-03-27 00:00:00+00:00,2.140000104904175,2.140000104904175,2.25,1.9600000381469727,1.9600000381469727,29600
2024-03-28 00:00:00+00:00,2.140000104904175,2.140000104904175,2.240000009536743,2.0190000534057617,2.200000047683716,19000
2024-04-01 00:00:00+00:00,2.075000047683716,2.075000047683716,2.1600000858306885,1.9600000381469727,2.1600000858306885,5700
2024-04-02 00:00:00+00:00,2.0199999809265137,2.0199999809265137,2.0799999237060547,1.840000033378601,2.0199999809265137,16800
2024-04-03 00:00:00+00:00,2.049999952316284,2.049999952316284,2.049999952316284,1.899999976158142,1.9800000190734863,9200
2024-04-04 00:00:00+00:00,2.0,2.0,2.1500000953674316,1.9600000381469727,2.109999895095825,14500
2024-04-05 00:00:00+00:00,2.009999990463257,2.009999990463257,2.069999933242798,1.9800000190734863,1.9900000095367432,18300
2024-04-08 00:00:00+00:00,2.005000114440918,2.005000114440918,2.0899999141693115,1.9199999570846558,2.0899999141693115,3000
2024-04-09 00:00:00+00:00,1.9600000381469727,1.9600000381469727,2.119999885559082,1.9600000381469727,2.0899999141693115,5000
2024-04-10 00:00:00+00:00,2.190000057220459,2.190000057220459,2.190000057220459,1.7000000476837158,1.812999963760376,16100
2024-04-11 00:00:00+00:00,2.1500000953674316,2.1500000953674316,2.190000057220459,2.049999952316284,2.190000057220459,7400
2024-04-12 00:00:00+00:00,2.1700000762939453,2.1700000762939453,2.180000066757202,1.9700000286102295,1.9700000286102295,5600
2024-04-15 00:00:00+00:00,2.0899999141693115,2.0899999141693115,2.1600000858306885,1.9500000476837158,1.9900000095367432,16400
2024-04-16 00:00:00+00:00,2.130000114440918,2.130000114440918,2.240000009536743,2.0,2.200000047683716,13900
2024-04-17 00:00:00+00:00,2.119999885559082,2.119999885559082,2.1500000953674316,1.9600000381469727,2.049999952316284,9300
2024-04-18 00:00:00+00:00,2.140000104904175,2.140000104904175,2.1600000858306885,2.059999942779541,2.059999942779541,1500
2024-04-19 00:00:00+00:00,2.140000104904175,2.140000104904175,2.1600000858306885,2.0,2.1600000858306885,4300
2024-04-22 00:00:00+00:00,2.130000114440918,2.130000114440918,2.140000104904175,2.0399999618530273,2.140000104904175,2000
2024-04-23 00:00:00+00:00,2.130000114440918,2.130000114440918,2.130000114440918,2.056999921798706,2.056999921798706,8300
2024-04-24 00:00:00+00:00,2.130000114440918,2.130000114440918,2.130000114440918,2.0,2.0,4700
2024-04-25 00:00:00+00:00,2.0,2.0,2.180000066757202,1.809999942779541,2.0799999237060547,21600
2024-04-26 00:00:00+00:00,2.049999952316284,2.049999952316284,2.0799999237060547,2.0,2.0450000762939453,3100
2024-04-29 00:00:00+00:00,2.0799999237060547,2.0799999237060547,2.1679999828338623,2.009999990463257,2.1500000953674316,8000
2024-04-30 00:00:00+00:00,2.0,2.0,2.0899999141693115,1.9500000476837158,2.0,6000
2024-05-01 00:00:00+00:00,2.049999952316284,2.049999952316284,2.069999933242798,1.9700000286102295,2.069999933242798,20900
2024-05-02 00:00:00+00:00,2.0299999713897705,2.0299999713897705,2.049999952316284,1.8600000143051147,1.9600000381469727,4500
2024-05-03 00:00:00+00:00,2.0,2.0,2.049999952316284,2.0,2.000999927520752,1300
2024-05-06 00:00:00+00:00,2.0,2.0,2.0999999046325684,1.9149999618530273,2.0199999809265137,15900
2024-05-07 00:00:00+00:00,2.1500000953674316,2.1500000953674316,2.25,1.9199999570846558,1.9199999570846558,27000
2024-05-08 00:00:00+00:00,2.5,2.5,2.7179999351501465,2.1700000762939453,2.25,49600
2024-05-09 00:00:00+00:00,2.75,2.75,2.8499999046325684,2.309999942779541,2.5,136400
2024-05-10 00:00:00+00:00,2.299999952316284,2.299999952316284,2.75,2.119999885559082,2.75,34800
2024-05-13 00:00:00+00:00,2.440000057220459,2.440000057220459,2.609999895095825,2.187999963760376,2.299999952316284,6300
2024-05-14 00:00:00+00:00,2.5899999141693115,2.5899999141693115,2.6500000953674316,2.2799999713897705,2.309999942779541,35900
2024-05-15 00:00:00+00:00,2.5899999141693115,2.5899999141693115,2.5999999046325684,2.299999952316284,2.5899999141693115,19400
2024-05-16 00:00:00+00:00,2.640000104904175,2.640000104904175,2.640000104904175,2.440000057220459,2.440000057220459,13300
2024-05-17 00:00:00+00:00,2.559999942779541,2.559999942779541,2.559999942779541,2.4000000953674316,2.5299999713897705,18400
2024-05-20 00:00:00+00:00,2.490000009536743,2.490000009536743,2.6700000762939453,2.3499999046325684,2.559999942779541,25000
2024-05-21 00:00:00+00:00,2.5199999809265137,2.5199999809265137,2.549999952316284,2.299999952316284,2.4800000190734863,23200
2024-05-22 00:00:00+00:00,2.4700000286102295,2.4700000286102295,2.5,2.299999952316284,2.299999952316284,5900
2024-05-23 00:00:00+00:00,2.4000000953674316,2.4000000953674316,2.4600000381469727,2.3469998836517334,2.3469998836517334,7600
2024-05-24 00:00:00+00:00,2.4000000953674316,2.4000000953674316,2.4000000953674316,2.299999952316284,2.4000000953674316,6900
2024-05-28 00:00:00+00:00,2.3299999237060547,2.3299999237060547,2.4000000953674316,2.180000066757202,2.4000000953674316,18100
2024-05-29 00:00:00+00:00,2.299999952316284,2.299999952316284,2.319999933242798,2.180000066757202,2.200000047683716,4100
2024-05-30 00:00:00+00:00,2.4800000190734863,2.4800000190734863,2.5,2.1500000953674316,2.388000011444092,20800
2024-05-31 00:00:00+00:00,2.7300000190734863,2.7300000190734863,2.7899999618530273,2.430000066757202,2.490000009536743,50100
2024-06-03 00:00:00+00:00,2.640000104904175,2.640000104904175,2.8949999809265137,2.4719998836517334,2.859999895095825,34400
2024-06-04 00:00:00+00:00,2.9800000190734863,2.9800000190734863,3.0,2.4649999141693115,2.700000047683716,117200
2024-06-05 00:00:00+00:00,3.0399999618530273,3.0399999618530273,3.25,2.809999942779541,3.0,231300
2024-06-06 00:00:00+00:00,3.069999933242798,3.069999933242798,3.240000009536743,2.9000000953674316,3.240000009536743,38500
2024-06-07 00:00:00+00:00,3.009999990463257,3.009999990463257,3.0899999141693115,2.8299999237060547,3.049999952316284,71600
2024-06-10 00:00:00+00:00,3.319999933242798,3.319999933242798,3.3499999046325684,2.940000057220459,3.0199999809265137,98800
2024-06-11 00:00:00+00:00,3.799999952316284,3.799999952316284,3.990000009536743,3.0999999046325684,3.1500000953674316,230500
2024-06-12 00:00:00+00:00,3.799999952316284,3.799999952316284,3.9000000953674316,3.619999885559082,3.799999952316284,176700
2024-06-13 00:00:00+00:00,3.6700000762939453,3.6700000762939453,3.859999895095825,3.0999999046325684,3.859999895095825,115400
2024-06-14 00:00:00+00:00,3.690000057220459,3.690000057220459,3.7799999713897705,3.609999895095825,3.630000114440918,62200
2024-06-17 00:00:00+00:00,3.75,3.75,3.990000009536743,3.5799999237060547,3.630000114440918,88800
2024-06-18 00:00:00+00:00,3.5999999046325684,3.5999999046325684,3.930000066757202,3.509999990463257,3.8499999046325684,120000
2024-06-20 00:00:00+00:00,3.4100000858306885,3.4100000858306885,3.7109999656677246,3.240000009536743,3.5799999237060547,55800
2024-06-21 00:00:00+00:00,2.9800000190734863,2.9800000190734863,3.490000009536743,2.8299999237060547,3.440000057220459,80100
2024-06-24 00:00:00+00:00,2.869999885559082,2.869999885559082,3.1500000953674316,2.5299999713897705,2.9100000858306885,54900
2024-06-25 00:00:00+00:00,2.940000057220459,2.940000057220459,3.0,2.809999942779541,2.990000009536743,31200
2024-06-26 00:00:00+00:00,3.1700000762939453,3.1700000762939453,3.2100000381469727,2.934999942779541,2.934999942779541,31900
2024-06-27 00:00:00+00:00,3.1600000858306885,3.1600000858306885,3.4600000381469727,3.109999895095825,3.1600000858306885,24000
2024-06-28 00:00:00+00:00,2.994999885559082,2.994999885559082,3.3399999141693115,2.940000057220459,3.299999952316284,28900
2024-07-01 00:00:00+00:00,3.1500000953674316,3.1500000953674316,3.369999885559082,3.0299999713897705,3.180000066757202,24600
2024-07-02 00:00:00+00:00,2.950000047683716,2.950000047683716,3.1500000953674316,2.940000057220459,3.069999933242798,24400
2024-07-03 00:00:00+00:00,2.880000114440918,2.880000114440918,2.9800000190734863,2.8499999046325684,2.930000066757202,20300
2024-07-05 00:00:00+00:00,2.9600000381469727,2.9600000381469727,3.009999990463257,2.880000114440918,2.890000104904175,10700
2024-07-08 00:00:00+00:00,2.8499999046325684,2.8499999046325684,3.1500000953674316,2.7100000381469727,3.0,31500
2024-07-09 00:00:00+00:00,2.869999885559082,2.869999885559082,3.190000057220459,2.7899999618530273,2.8499999046325684,15600
2024-07-10 00:00:00+00:00,2.7899999618530273,2.7899999618530273,3.0,2.76200008392334,2.8399999141693115,14300
2024-07-11 00:00:00+00:00,2.609999895095825,2.609999895095825,2.930000066757202,2.5399999618530273,2.7300000190734863,38700
2024-07-12 00:00:00+00:00,2.7799999713897705,2.7799999713897705,2.859999895095825,2.630000114440918,2.630000114440918,8200
2024-07-15 00:00:00+00:00,2.759999990463257,2.759999990463257,2.8499999046325684,2.4000000953674316,2.8499999046325684,27200
2024-07-16 00:00:00+00:00,2.7300000190734863,2.7300000190734863,2.759999990463257,2.619999885559082,2.7200000286102295,7400
2024-07-17 00:00:00+00:00,2.6700000762939453,2.6700000762939453,2.755000114440918,2.427999973297119,2.755000114440918,19700
2024-07-18 00:00:00+00:00,2.5799999237060547,2.5799999237060547,2.5999999046325684,2.4800000190734863,2.5799999237060547,19400
2024-07-19 00:00:00+00:00,2.578000068664551,2.578000068664551,2.630000114440918,2.5299999713897705,2.555000066757202,13300
2024-07-22 00:00:00+00:00,2.5799999237060547,2.5799999237060547,2.609999895095825,2.4749999046325684,2.5799999237060547,37600
2024-07-23 00:00:00+00:00,2.490000009536743,2.490000009536743,2.5799999237060547,2.3299999237060547,2.5350000858306885,27700
2024-07-24 00:00:00+00:00,2.380000114440918,2.380000114440918,2.5399999618530273,2.299999952316284,2.299999952316284,34200
2024-07-25 00:00:00+00:00,2.4600000381469727,2.4600000381469727,2.555000066757202,2.430000066757202,2.555000066757202,4800
2024-07-26 00:00:00+00:00,2.380000114440918,2.380000114440918,2.450000047683716,2.1500000953674316,2.4000000953674316,46600
2024-07-29 00:00:00+00:00,2.259999990463257,2.259999990463257,2.306999921798706,2.0199999809265137,2.299999952316284,28600
2024-07-30 00:00:00+00:00,1.9900000095367432,1.9900000095367432,2.2699999809265137,1.7300000190734863,2.2699999809265137,58000
2024-07-31 00:00:00+00:00,1.8550000190734863,1.8550000190734863,1.9900000095367432,1.7200000286102295,1.9900000095367432,32900
2024-08-01 00:00:00+00:00,1.75,1.75,1.8700000047683716,1.6699999570846558,1.809999942779541,39700
2024-08-02 00:00:00+00:00,1.6299999952316284,1.6299999952316284,1.753999948501587,1.625,1.7000000476837158,10800
2024-08-05 00:00:00+00:00,1.559999942779541,1.559999942779541,1.5880000591278076,1.409999966621399,1.5099999904632568,52500
2024-08-06 00:00:00+00:00,1.75,1.75,1.899999976158142,1.659999966621399,1.659999966621399,9400
